Model,Maximum_Length,Vocabulary_Size,Embedding_Size,Training_Time,TOPSIS_Score,Rank
DialoGPT-small,128,50257,768,100,0.0,7.0
DialoGPT-medium,128,50257,1024,200,0.10742916957185147,5.0
DialoGPT-large,128,50257,1280,300,0.20671429363852778,3.0
GPT-3.5B,2048,50257,2048,1000,1.0,1.0
BlenderBot-small,128,50257,768,150,0.03421392279748874,6.0
BlenderBot-medium,128,50257,1024,300,0.1563769078075597,4.0
BlenderBot-large,128,50257,2048,500,0.41120764849580715,2.0
